,dtype,unique,missing,samples
src_ip,str,51,0,"['192.168.1.37', '192.168.1.193', '192.168.1.193']"
src_port,int64,26628,0,"['4444', '49180', '49180']"
dst_ip,str,753,0,"['192.168.1.193', '192.168.1.37', '192.168.1.37']"
dst_port,int64,2039,0,"['49178', '8080', '8080']"
proto,str,3,0,"['tcp', 'tcp', 'tcp']"
service,str,9,0,"['-', '-', '-']"
duration,float64,68570,0,"['290.371539', '0.000102', '0.000148']"
src_bytes,int64,2199,0,"['101568', '0', '0']"
dst_bytes,int64,2338,0,"['2592', '0', '0']"
conn_state,str,13,0,"['OTH', 'REJ', 'REJ']"
missed_bytes,int64,694,0,"['0', '0', '0']"
src_pkts,int64,274,0,"['108', '1', '1']"
src_ip_bytes,int64,3648,0,"['108064', '52', '52']"
dst_pkts,int64,203,0,"['31', '1', '1']"
dst_ip_bytes,int64,3304,0,"['3832', '40', '40']"
dns_query,str,726,0,"['-', '-', '-']"
dns_qclass,int64,3,0,"['0', '0', '0']"
dns_qtype,int64,12,0,"['0', '0', '0']"
dns_rcode,int64,4,0,"['0', '0', '0']"
dns_AA,str,3,0,"['-', '-', '-']"
dns_RD,str,3,0,"['-', '-', '-']"
dns_RA,str,3,0,"['-', '-', '-']"
dns_rejected,str,3,0,"['-', '-', '-']"
ssl_version,str,4,0,"['-', '-', '-']"
ssl_cipher,str,6,0,"['-', '-', '-']"
ssl_resumed,str,3,0,"['-', '-', '-']"
ssl_established,str,3,0,"['-', '-', '-']"
ssl_subject,str,6,0,"['-', '-', '-']"
ssl_issuer,str,5,0,"['-', '-', '-']"
http_trans_depth,str,11,0,"['-', '-', '-']"
http_method,str,4,0,"['-', '-', '-']"
http_uri,str,86,0,"['-', '-', '-']"
http_version,str,2,0,"['-', '-', '-']"
http_request_body_len,int64,6,0,"['0', '0', '0']"
http_response_body_len,int64,75,0,"['0', '0', '0']"
http_status_code,int64,8,0,"['0', '0', '0']"
http_user_agent,str,35,0,"['-', '-', '-']"
http_orig_mime_types,str,3,0,"['-', '-', '-']"
http_resp_mime_types,str,10,0,"['-', '-', '-']"
weird_name,str,11,0,"['-', '-', '-']"
weird_addl,str,3,0,"['-', '-', '-']"
weird_notice,str,2,0,"['-', '-', '-']"
label,int64,2,0,"['1', '1', '1']"
type,str,10,0,"['backdoor', 'backdoor', 'backdoor']"
